timestamp,frame_number,speaker_id,confidence,distance,system_state,tracking_command,motor_command,servo_angle,servo_target,face_center_x,face_center_y,frame_width,mqtt_connected,details
2026-06-12T17:34:34.708+02:00,1,loic,0.0000,1.0000,TRACKING,OUT_OF_FRAME,STOP,123,,,,640,True,visible_faces=0
2026-06-12T17:34:35.798+02:00,20,loic,0.5634,0.4366,TRACKING,MOVED_LEFT,LEFT,51,43,86.0,214.0,640,True,visible_faces=1
2026-06-12T17:34:35.815+02:00,21,loic,0.5634,0.4366,TRACKING,STOPPED,STOP,51,,86.0,214.0,640,True,visible_faces=1
2026-06-12T17:34:35.960+02:00,22,loic,0.5674,0.4326,TRACKING,MOVED_RIGHT,RIGHT,89,81,96.0,215.5,640,True,visible_faces=1
2026-06-12T17:34:35.965+02:00,23,loic,0.5674,0.4326,TRACKING,STOPPED,STOP,89,,96.0,215.5,640,True,visible_faces=1
2026-06-12T17:34:36.474+02:00,30,loic,0.6602,0.3398,TRACKING,MOVED_LEFT,LEFT,51,45,145.0,224.0,640,True,visible_faces=1
2026-06-12T17:34:36.477+02:00,31,loic,0.6602,0.3398,TRACKING,STOPPED,STOP,51,,145.0,224.0,640,True,visible_faces=1
2026-06-12T17:34:37.331+02:00,50,loic,0.0000,1.0000,TRACKING,OUT_OF_FRAME,STOP,51,,,,640,True,visible_faces=0
2026-06-12T17:34:39.342+02:00,110,loic,0.0000,1.0000,SEARCHING,SCAN,SCAN,65,,,,640,True,visible_faces=1
2026-06-12T17:34:39.389+02:00,111,loic,0.0000,1.0000,SEARCHING,SCAN,SCAN,65,,,,640,True,visible_faces=1
2026-06-12T17:34:39.405+02:00,112,loic,0.0000,1.0000,SEARCHING,SCAN,SCAN,65,,,,640,True,visible_faces=1
2026-06-12T17:34:39.426+02:00,113,loic,0.0000,1.0000,SEARCHING,SCAN,SCAN,65,,,,640,True,visible_faces=1
2026-06-12T17:34:39.495+02:00,114,loic,0.0000,1.0000,SEARCHING,SCAN,SCAN,65,,,,640,True,visible_faces=1
2026-06-12T17:34:39.497+02:00,115,loic,0.0000,1.0000,SEARCHING,SCAN,SCAN,65,,,,640,True,visible_faces=1
2026-06-12T17:34:39.532+02:00,116,loic,0.0000,1.0000,SEARCHING,SCAN,SCAN,65,,,,640,True,visible_faces=1
2026-06-12T17:34:39.579+02:00,117,loic,0.0000,1.0000,SEARCHING,SCAN,SCAN,65,,,,640,True,visible_faces=1
2026-06-12T17:34:39.613+02:00,118,loic,0.0000,1.0000,SEARCHING,SCAN,SCAN,65,,,,640,True,visible_faces=1
2026-06-12T17:34:39.634+02:00,119,loic,0.0000,1.0000,SEARCHING,SCAN,SCAN,65,,,,640,True,visible_faces=1
2026-06-12T17:34:39.703+02:00,120,loic,0.0000,1.0000,SEARCHING,SCAN,SCAN,65,,,,640,True,visible_faces=1
2026-06-12T17:34:39.706+02:00,121,loic,0.0000,1.0000,SEARCHING,SCAN,SCAN,65,,,,640,True,visible_faces=1
2026-06-12T17:34:39.741+02:00,122,loic,0.0000,1.0000,SEARCHING,SCAN,SCAN,65,,,,640,True,visible_faces=1
2026-06-12T17:34:39.787+02:00,123,loic,0.0000,1.0000,SEARCHING,SCAN,SCAN,65,,,,640,True,visible_faces=1
2026-06-12T17:34:39.805+02:00,124,loic,0.0000,1.0000,SEARCHING,SCAN,SCAN,45,39,,,640,True,visible_faces=1
2026-06-12T17:34:39.826+02:00,125,loic,0.0000,1.0000,SEARCHING,SCAN,SCAN,45,,,,640,True,visible_faces=1
2026-06-12T17:34:39.868+02:00,126,loic,0.0000,1.0000,SEARCHING,SCAN,SCAN,45,,,,640,True,visible_faces=0
2026-06-12T17:34:39.890+02:00,127,loic,0.0000,1.0000,SEARCHING,SCAN,SCAN,45,,,,640,True,visible_faces=0
2026-06-12T17:34:39.942+02:00,128,loic,0.0000,1.0000,SEARCHING,SCAN,SCAN,45,,,,640,True,visible_faces=0
2026-06-12T17:34:39.970+02:00,129,loic,0.0000,1.0000,SEARCHING,SCAN,SCAN,45,,,,640,True,visible_faces=0
2026-06-12T17:34:40.006+02:00,130,loic,0.0000,1.0000,SEARCHING,SCAN,SCAN,45,,,,640,True,visible_faces=0
2026-06-12T17:34:40.034+02:00,131,loic,0.0000,1.0000,SEARCHING,SCAN,SCAN,87,,,,640,True,visible_faces=0
2026-06-12T17:34:40.072+02:00,132,loic,0.0000,1.0000,SEARCHING,SCAN,SCAN,87,,,,640,True,visible_faces=0
2026-06-12T17:34:40.098+02:00,133,loic,0.0000,1.0000,SEARCHING,SCAN,SCAN,87,,,,640,True,visible_faces=0
2026-06-12T17:34:40.134+02:00,134,loic,0.0000,1.0000,SEARCHING,SCAN,SCAN,87,,,,640,True,visible_faces=0
2026-06-12T17:34:40.162+02:00,135,loic,0.0000,1.0000,SEARCHING,SCAN,SCAN,87,,,,640,True,visible_faces=0
2026-06-12T17:34:40.198+02:00,136,loic,0.0000,1.0000,SEARCHING,SCAN,SCAN,87,,,,640,True,visible_faces=0
2026-06-12T17:34:40.226+02:00,137,loic,0.0000,1.0000,SEARCHING,SCAN,SCAN,87,,,,640,True,visible_faces=0
2026-06-12T17:34:40.278+02:00,138,loic,0.0000,1.0000,SEARCHING,SCAN,SCAN,87,81,,,640,True,visible_faces=0
2026-06-12T17:34:40.306+02:00,139,loic,0.0000,1.0000,SEARCHING,SCAN,SCAN,87,,,,640,True,visible_faces=0
2026-06-12T17:34:40.342+02:00,140,loic,0.0000,1.0000,SEARCHING,SCAN,SCAN,87,,,,640,True,visible_faces=0
2026-06-12T17:34:40.371+02:00,141,loic,0.0000,1.0000,SEARCHING,SCAN,SCAN,87,,,,640,True,visible_faces=0
2026-06-12T17:34:40.413+02:00,142,loic,0.0000,1.0000,SEARCHING,SCAN,SCAN,87,,,,640,True,visible_faces=0
2026-06-12T17:34:40.437+02:00,143,loic,0.0000,1.0000,SEARCHING,SCAN,SCAN,87,,,,640,True,visible_faces=0
2026-06-12T17:34:40.477+02:00,144,loic,0.0000,1.0000,SEARCHING,SCAN,SCAN,87,,,,640,True,visible_faces=0
2026-06-12T17:34:40.500+02:00,145,loic,0.0000,1.0000,SEARCHING,SCAN,SCAN,87,,,,640,True,visible_faces=0
2026-06-12T17:34:40.541+02:00,146,loic,0.0000,1.0000,SEARCHING,SCAN,SCAN,87,,,,640,True,visible_faces=0
2026-06-12T17:34:40.564+02:00,147,loic,0.0000,1.0000,SEARCHING,SCAN,SCAN,87,,,,640,True,visible_faces=0
2026-06-12T17:34:40.604+02:00,148,loic,0.0000,1.0000,SEARCHING,SCAN,SCAN,87,,,,640,True,visible_faces=0
2026-06-12T17:34:40.643+02:00,149,loic,0.0000,1.0000,SEARCHING,SCAN,SCAN,87,,,,640,True,visible_faces=0
2026-06-12T17:34:40.679+02:00,150,loic,0.0000,1.0000,SEARCHING,SCAN,SCAN,87,,,,640,True,visible_faces=0
2026-06-12T17:34:40.706+02:00,151,loic,0.0000,1.0000,SEARCHING,SCAN,SCAN,87,,,,640,True,visible_faces=0
2026-06-12T17:34:40.746+02:00,152,loic,0.0000,1.0000,SEARCHING,SCAN,SCAN,87,81,,,640,True,visible_faces=0
2026-06-12T17:34:40.772+02:00,153,loic,0.0000,1.0000,SEARCHING,SCAN,SCAN,87,,,,640,True,visible_faces=0
2026-06-12T17:34:40.812+02:00,154,loic,0.0000,1.0000,SEARCHING,SCAN,SCAN,87,,,,640,True,visible_faces=0
2026-06-12T17:34:40.836+02:00,155,loic,0.0000,1.0000,SEARCHING,SCAN,SCAN,87,,,,640,True,visible_faces=0
2026-06-12T17:34:40.877+02:00,156,loic,0.0000,1.0000,SEARCHING,SCAN,SCAN,87,,,,640,True,visible_faces=0
2026-06-12T17:34:40.902+02:00,157,loic,0.0000,1.0000,SEARCHING,SCAN,SCAN,87,,,,640,True,visible_faces=0
2026-06-12T17:34:40.940+02:00,158,loic,0.0000,1.0000,SEARCHING,SCAN,SCAN,87,,,,640,True,visible_faces=0
2026-06-12T17:34:40.982+02:00,159,loic,0.0000,1.0000,SEARCHING,SCAN,SCAN,87,,,,640,True,visible_faces=0
2026-06-12T17:34:41.019+02:00,160,loic,0.0000,1.0000,SEARCHING,SCAN,SCAN,87,,,,640,True,visible_faces=0
2026-06-12T17:34:41.044+02:00,161,loic,0.0000,1.0000,SEARCHING,SCAN,SCAN,87,,,,640,True,visible_faces=0
2026-06-12T17:34:41.082+02:00,162,loic,0.0000,1.0000,SEARCHING,SCAN,SCAN,87,,,,640,True,visible_faces=0
2026-06-12T17:34:41.108+02:00,163,loic,0.0000,1.0000,SEARCHING,SCAN,SCAN,87,,,,640,True,visible_faces=0
2026-06-12T17:34:41.147+02:00,164,loic,0.0000,1.0000,SEARCHING,SCAN,SCAN,87,,,,640,True,visible_faces=0
2026-06-12T17:34:41.172+02:00,165,loic,0.0000,1.0000,SEARCHING,SCAN,SCAN,87,,,,640,True,visible_faces=0
2026-06-12T17:34:41.206+02:00,166,loic,0.0000,1.0000,SEARCHING,SCAN,SCAN,87,81,,,640,True,visible_faces=0
2026-06-12T17:34:41.236+02:00,167,loic,0.0000,1.0000,SEARCHING,SCAN,SCAN,87,,,,640,True,visible_faces=0
2026-06-12T17:34:41.275+02:00,168,loic,0.0000,1.0000,SEARCHING,SCAN,SCAN,87,,,,640,True,visible_faces=0
2026-06-12T17:34:41.318+02:00,169,loic,0.0000,1.0000,SEARCHING,SCAN,SCAN,87,,,,640,True,visible_faces=0
2026-06-12T17:34:41.354+02:00,170,loic,0.0000,1.0000,SEARCHING,SCAN,SCAN,87,,,,640,True,visible_faces=0
2026-06-12T17:34:41.381+02:00,171,loic,0.0000,1.0000,SEARCHING,SCAN,SCAN,87,,,,640,True,visible_faces=0
2026-06-12T17:34:41.420+02:00,172,loic,0.0000,1.0000,SEARCHING,SCAN,SCAN,87,,,,640,True,visible_faces=0
2026-06-12T17:34:41.444+02:00,173,loic,0.0000,1.0000,SEARCHING,SCAN,SCAN,87,,,,640,True,visible_faces=0
2026-06-12T17:34:41.478+02:00,174,loic,0.0000,1.0000,SEARCHING,SCAN,SCAN,87,,,,640,True,visible_faces=0
2026-06-12T17:34:41.508+02:00,175,loic,0.0000,1.0000,SEARCHING,SCAN,SCAN,87,,,,640,True,visible_faces=0
2026-06-12T17:34:41.546+02:00,176,loic,0.0000,1.0000,SEARCHING,SCAN,SCAN,87,,,,640,True,visible_faces=0
2026-06-12T17:34:41.572+02:00,177,loic,0.0000,1.0000,SEARCHING,SCAN,SCAN,87,,,,640,True,visible_faces=0
2026-06-12T17:34:41.613+02:00,178,loic,0.0000,1.0000,SEARCHING,SCAN,SCAN,87,,,,640,True,visible_faces=0
2026-06-12T17:34:41.637+02:00,179,loic,0.0000,1.0000,SEARCHING,SCAN,SCAN,87,,,,640,True,visible_faces=0
2026-06-12T17:34:41.693+02:00,180,loic,0.0000,1.0000,SEARCHING,SCAN,SCAN,87,81,,,640,True,visible_faces=0
2026-06-12T17:34:41.714+02:00,181,loic,0.0000,1.0000,SEARCHING,SCAN,SCAN,87,,,,640,True,visible_faces=0
2026-06-12T17:34:41.753+02:00,182,loic,0.0000,1.0000,SEARCHING,SCAN,SCAN,87,,,,640,True,visible_faces=0
2026-06-12T17:34:41.780+02:00,183,loic,0.0000,1.0000,SEARCHING,SCAN,SCAN,87,,,,640,True,visible_faces=0
2026-06-12T17:34:41.820+02:00,184,loic,0.0000,1.0000,SEARCHING,SCAN,SCAN,87,,,,640,True,visible_faces=0
2026-06-12T17:34:41.844+02:00,185,loic,0.0000,1.0000,SEARCHING,SCAN,SCAN,87,,,,640,True,visible_faces=0
2026-06-12T17:34:41.882+02:00,186,loic,0.0000,1.0000,SEARCHING,SCAN,SCAN,87,,,,640,True,visible_faces=0
2026-06-12T17:34:41.908+02:00,187,loic,0.0000,1.0000,SEARCHING,SCAN,SCAN,87,,,,640,True,visible_faces=0
2026-06-12T17:34:41.946+02:00,188,loic,0.0000,1.0000,SEARCHING,SCAN,SCAN,87,,,,640,True,visible_faces=0
2026-06-12T17:34:41.972+02:00,189,loic,0.0000,1.0000,SEARCHING,SCAN,SCAN,87,,,,640,True,visible_faces=0
2026-06-12T17:34:42.023+02:00,190,loic,0.0000,1.0000,SEARCHING,SCAN,SCAN,87,,,,640,True,visible_faces=0
2026-06-12T17:34:42.052+02:00,191,loic,0.0000,1.0000,SEARCHING,SCAN,SCAN,87,,,,640,True,visible_faces=0
2026-06-12T17:34:42.092+02:00,192,loic,0.0000,1.0000,SEARCHING,SCAN,SCAN,87,,,,640,True,visible_faces=0
2026-06-12T17:34:42.117+02:00,193,loic,0.0000,1.0000,SEARCHING,SCAN,SCAN,87,,,,640,True,visible_faces=0
2026-06-12T17:34:42.156+02:00,194,loic,0.0000,1.0000,SEARCHING,SCAN,SCAN,87,,,,640,True,visible_faces=0
2026-06-12T17:34:42.181+02:00,195,loic,0.0000,1.0000,SEARCHING,SCAN,SCAN,87,,,,640,True,visible_faces=0
2026-06-12T17:34:42.214+02:00,196,loic,0.0000,1.0000,SEARCHING,SCAN,SCAN,87,,,,640,True,visible_faces=0
2026-06-12T17:34:42.243+02:00,197,loic,0.0000,1.0000,SEARCHING,SCAN,SCAN,87,,,,640,True,visible_faces=0
2026-06-12T17:34:42.279+02:00,198,loic,0.0000,1.0000,SEARCHING,SCAN,SCAN,87,,,,640,True,visible_faces=0
2026-06-12T17:34:42.307+02:00,199,loic,0.0000,1.0000,SEARCHING,SCAN,SCAN,87,,,,640,True,visible_faces=0
2026-06-12T17:34:42.363+02:00,200,loic,0.0000,1.0000,SEARCHING,SCAN,SCAN,87,,,,640,True,visible_faces=0
2026-06-12T17:34:42.388+02:00,201,loic,0.0000,1.0000,SEARCHING,SCAN,SCAN,87,,,,640,True,visible_faces=0
2026-06-12T17:34:42.426+02:00,202,loic,0.0000,1.0000,SEARCHING,SCAN,SCAN,87,,,,640,True,visible_faces=0
2026-06-12T17:34:42.453+02:00,203,loic,0.0000,1.0000,SEARCHING,SCAN,SCAN,87,,,,640,True,visible_faces=0
2026-06-12T17:34:42.493+02:00,204,loic,0.0000,1.0000,SEARCHING,SCAN,SCAN,87,,,,640,True,visible_faces=0
2026-06-12T17:34:42.514+02:00,205,loic,0.0000,1.0000,SEARCHING,SCAN,SCAN,87,,,,640,True,visible_faces=0
2026-06-12T17:34:42.554+02:00,206,loic,0.0000,1.0000,SEARCHING,SCAN,SCAN,87,,,,640,True,visible_faces=0
2026-06-12T17:34:42.581+02:00,207,loic,0.0000,1.0000,SEARCHING,SCAN,SCAN,87,,,,640,True,visible_faces=0
2026-06-12T17:34:42.620+02:00,208,loic,0.0000,1.0000,SEARCHING,SCAN,SCAN,87,,,,640,True,visible_faces=0
2026-06-12T17:34:42.644+02:00,209,loic,0.0000,1.0000,SEARCHING,SCAN,SCAN,87,,,,640,True,visible_faces=0
2026-06-12T17:34:42.684+02:00,210,loic,0.0000,1.0000,SEARCHING,SCAN,SCAN,87,,,,640,True,visible_faces=0
2026-06-12T17:34:42.722+02:00,211,loic,0.0000,1.0000,SEARCHING,SCAN,SCAN,87,,,,640,True,visible_faces=0
2026-06-12T17:34:42.762+02:00,212,loic,0.0000,1.0000,SEARCHING,SCAN,SCAN,87,,,,640,True,visible_faces=0
2026-06-12T17:34:42.788+02:00,213,loic,0.0000,1.0000,SEARCHING,SCAN,SCAN,87,,,,640,True,visible_faces=0
2026-06-12T17:34:42.826+02:00,214,loic,0.0000,1.0000,SEARCHING,SCAN,SCAN,87,,,,640,True,visible_faces=0
2026-06-12T17:34:42.852+02:00,215,loic,0.0000,1.0000,SEARCHING,SCAN,SCAN,87,,,,640,True,visible_faces=0
2026-06-12T17:34:42.894+02:00,216,loic,0.0000,1.0000,SEARCHING,SCAN,SCAN,87,,,,640,True,visible_faces=0
2026-06-12T17:34:42.917+02:00,217,loic,0.0000,1.0000,SEARCHING,SCAN,SCAN,87,,,,640,True,visible_faces=0
2026-06-12T17:34:42.956+02:00,218,loic,0.0000,1.0000,SEARCHING,SCAN,SCAN,87,,,,640,True,visible_faces=0
2026-06-12T17:34:42.981+02:00,219,loic,0.0000,1.0000,SEARCHING,SCAN,SCAN,87,,,,640,True,visible_faces=0
2026-06-12T17:34:43.018+02:00,220,loic,0.0000,1.0000,SEARCHING,SCAN,SCAN,87,,,,640,True,visible_faces=0
2026-06-12T17:34:43.062+02:00,221,loic,0.0000,1.0000,SEARCHING,SCAN,SCAN,87,,,,640,True,visible_faces=0
2026-06-12T17:34:43.094+02:00,222,loic,0.0000,1.0000,SEARCHING,SCAN,SCAN,87,,,,640,True,visible_faces=0
2026-06-12T17:34:43.123+02:00,223,loic,0.0000,1.0000,SEARCHING,SCAN,SCAN,99,,,,640,True,visible_faces=0
2026-06-12T17:34:43.161+02:00,224,loic,0.0000,1.0000,SEARCHING,SCAN,SCAN,99,,,,640,True,visible_faces=0
2026-06-12T17:34:43.189+02:00,225,loic,0.0000,1.0000,SEARCHING,SCAN,SCAN,99,,,,640,True,visible_faces=0
2026-06-12T17:34:43.224+02:00,226,loic,0.0000,1.0000,SEARCHING,SCAN,SCAN,99,,,,640,True,visible_faces=0
2026-06-12T17:34:43.252+02:00,227,loic,0.0000,1.0000,SEARCHING,SCAN,SCAN,99,,,,640,True,visible_faces=0
2026-06-12T17:34:43.294+02:00,228,loic,0.0000,1.0000,SEARCHING,SCAN,SCAN,99,,,,640,True,visible_faces=0
2026-06-12T17:34:43.316+02:00,229,loic,0.0000,1.0000,SEARCHING,SCAN,SCAN,99,,,,640,True,visible_faces=0
2026-06-12T17:34:43.353+02:00,230,loic,0.0000,1.0000,SEARCHING,SCAN,SCAN,99,,,,640,True,visible_faces=0
2026-06-12T17:34:43.396+02:00,231,loic,0.0000,1.0000,SEARCHING,SCAN,SCAN,99,,,,640,True,visible_faces=0
2026-06-12T17:34:43.433+02:00,232,loic,0.0000,1.0000,SEARCHING,SCAN,SCAN,99,,,,640,True,visible_faces=0
2026-06-12T17:34:43.460+02:00,233,loic,0.0000,1.0000,SEARCHING,SCAN,SCAN,99,,,,640,True,visible_faces=0
2026-06-12T17:34:43.497+02:00,234,loic,0.0000,1.0000,SEARCHING,SCAN,SCAN,99,,,,640,True,visible_faces=0
2026-06-12T17:34:43.522+02:00,235,loic,0.0000,1.0000,SEARCHING,SCAN,SCAN,99,,,,640,True,visible_faces=0
2026-06-12T17:34:43.559+02:00,236,loic,0.0000,1.0000,SEARCHING,SCAN,SCAN,99,,,,640,True,visible_faces=0
2026-06-12T17:34:43.587+02:00,237,loic,0.0000,1.0000,SEARCHING,SCAN,SCAN,99,,,,640,True,visible_faces=0
2026-06-12T17:34:43.627+02:00,238,loic,0.0000,1.0000,SEARCHING,SCAN,SCAN,99,,,,640,True,visible_faces=0
2026-06-12T17:34:43.652+02:00,239,loic,0.0000,1.0000,SEARCHING,SCAN,SCAN,99,,,,640,True,visible_faces=0
2026-06-12T17:34:43.692+02:00,240,loic,0.0000,1.0000,SEARCHING,SCAN,SCAN,99,,,,640,True,visible_faces=0
2026-06-12T17:34:43.714+02:00,241,loic,0.0000,1.0000,SEARCHING,SCAN,SCAN,99,,,,640,True,visible_faces=0
2026-06-12T17:34:43.772+02:00,242,loic,0.0000,1.0000,SEARCHING,SCAN,SCAN,99,,,,640,True,visible_faces=0
2026-06-12T17:34:43.796+02:00,243,loic,0.0000,1.0000,SEARCHING,SCAN,SCAN,86,,,,640,True,visible_faces=0
2026-06-12T17:34:43.835+02:00,244,loic,0.0000,1.0000,SEARCHING,SCAN,SCAN,86,,,,640,True,visible_faces=0
2026-06-12T17:34:43.860+02:00,245,loic,0.0000,1.0000,SEARCHING,SCAN,SCAN,86,,,,640,True,visible_faces=0
2026-06-12T17:34:43.930+02:00,246,loic,0.0000,1.0000,SEARCHING,SCAN,SCAN,86,,,,640,True,visible_faces=1
2026-06-12T17:34:43.932+02:00,247,loic,0.0000,1.0000,SEARCHING,SCAN,SCAN,86,,,,640,True,visible_faces=1
2026-06-12T17:34:43.965+02:00,248,loic,0.0000,1.0000,SEARCHING,SCAN,SCAN,86,,,,640,True,visible_faces=1
2026-06-12T17:34:44.013+02:00,249,loic,0.0000,1.0000,SEARCHING,SCAN,SCAN,86,,,,640,True,visible_faces=1
2026-06-12T17:34:44.030+02:00,250,loic,0.0000,1.0000,SEARCHING,SCAN,SCAN,86,,,,640,True,visible_faces=1
2026-06-12T17:34:44.050+02:00,251,loic,0.0000,1.0000,SEARCHING,SCAN,SCAN,86,,,,640,True,visible_faces=1
2026-06-12T17:34:44.135+02:00,252,loic,0.0000,1.0000,SEARCHING,SCAN,SCAN,86,,,,640,True,visible_faces=1
2026-06-12T17:34:44.139+02:00,253,loic,0.0000,1.0000,SEARCHING,SCAN,SCAN,86,,,,640,True,visible_faces=1
2026-06-12T17:34:44.173+02:00,254,loic,0.0000,1.0000,SEARCHING,SCAN,SCAN,86,,,,640,True,visible_faces=1
2026-06-12T17:34:44.222+02:00,255,loic,0.5642,0.4358,TRACKING,STOPPED,STOP,86,,98.0,207.0,640,True,visible_faces=1
2026-06-12T17:34:46.256+02:00,316,loic,0.4687,0.5313,TRACKING,MOVED_LEFT,LEFT,81,73,86.5,204.5,640,True,visible_faces=1
2026-06-12T17:34:46.300+02:00,317,loic,0.4522,0.5478,TRACKING,STOPPED,STOP,81,,86.5,204.5,640,True,visible_faces=1
2026-06-12T17:34:53.679+02:00,537,loic,0.4531,0.5469,TRACKING,MOVED_LEFT,LEFT,27,19,92.0,159.0,640,True,visible_faces=1
2026-06-12T17:34:53.698+02:00,538,loic,0.0000,1.0000,TRACKING,OUT_OF_FRAME,STOP,27,,,,640,True,visible_faces=0
2026-06-12T17:34:54.227+02:00,553,loic,0.5556,0.4444,TRACKING,STOPPED,STOP,27,,104.0,179.0,640,True,visible_faces=1
2026-06-12T17:34:54.833+02:00,572,loic,0.5750,0.4250,TRACKING,OUT_OF_FRAME,STOP,83,,92.0,181.0,640,True,visible_faces=0
2026-06-12T17:34:56.846+02:00,632,loic,0.0000,1.0000,SEARCHING,SCAN,SCAN,60,,,,640,True,visible_faces=1
2026-06-12T17:34:56.866+02:00,633,loic,0.0000,1.0000,SEARCHING,SCAN,SCAN,60,,,,640,True,visible_faces=1
2026-06-12T17:34:56.936+02:00,634,loic,0.0000,1.0000,SEARCHING,SCAN,SCAN,60,,,,640,True,visible_faces=1
2026-06-12T17:34:56.946+02:00,635,loic,0.0000,1.0000,SEARCHING,SCAN,SCAN,60,,,,640,True,visible_faces=1
2026-06-12T17:34:56.989+02:00,636,loic,0.0000,1.0000,SEARCHING,SCAN,SCAN,60,,,,640,True,visible_faces=1
2026-06-12T17:34:57.038+02:00,637,loic,0.0000,1.0000,SEARCHING,SCAN,SCAN,87,,,,640,True,visible_faces=1
2026-06-12T17:34:57.055+02:00,638,loic,0.0000,1.0000,SEARCHING,SCAN,SCAN,87,,,,640,True,visible_faces=1
2026-06-12T17:34:57.074+02:00,639,loic,0.0000,1.0000,SEARCHING,SCAN,SCAN,87,,,,640,True,visible_faces=1
2026-06-12T17:34:57.144+02:00,640,loic,0.0000,1.0000,SEARCHING,SCAN,SCAN,87,,,,640,True,visible_faces=1
2026-06-12T17:34:57.148+02:00,641,loic,0.0000,1.0000,SEARCHING,SCAN,SCAN,87,,,,640,True,visible_faces=1
2026-06-12T17:34:57.181+02:00,642,loic,0.0000,1.0000,SEARCHING,SCAN,SCAN,87,,,,640,True,visible_faces=1
2026-06-12T17:34:57.229+02:00,643,loic,0.0000,1.0000,SEARCHING,SCAN,SCAN,87,,,,640,True,visible_faces=1
2026-06-12T17:34:57.245+02:00,644,loic,0.0000,1.0000,SEARCHING,SCAN,SCAN,87,,,,640,True,visible_faces=1
2026-06-12T17:34:57.266+02:00,645,loic,0.0000,1.0000,SEARCHING,SCAN,SCAN,87,,,,640,True,visible_faces=1
2026-06-12T17:34:57.351+02:00,646,loic,0.0000,1.0000,SEARCHING,SCAN,SCAN,87,81,,,640,True,visible_faces=1
2026-06-12T17:34:57.354+02:00,647,loic,0.0000,1.0000,SEARCHING,SCAN,SCAN,87,,,,640,True,visible_faces=1
2026-06-12T17:34:57.388+02:00,648,loic,0.0000,1.0000,SEARCHING,SCAN,SCAN,87,,,,640,True,visible_faces=0
2026-06-12T17:34:57.410+02:00,649,loic,0.0000,1.0000,SEARCHING,SCAN,SCAN,87,,,,640,True,visible_faces=0
2026-06-12T17:34:57.446+02:00,650,loic,0.0000,1.0000,SEARCHING,SCAN,SCAN,87,,,,640,True,visible_faces=0
2026-06-12T17:34:57.474+02:00,651,loic,0.0000,1.0000,SEARCHING,SCAN,SCAN,87,,,,640,True,visible_faces=0
2026-06-12T17:34:57.511+02:00,652,loic,0.0000,1.0000,SEARCHING,SCAN,SCAN,87,,,,640,True,visible_faces=0
2026-06-12T17:34:57.538+02:00,653,loic,0.0000,1.0000,SEARCHING,SCAN,SCAN,87,,,,640,True,visible_faces=0
2026-06-12T17:34:57.575+02:00,654,loic,0.0000,1.0000,SEARCHING,SCAN,SCAN,87,,,,640,True,visible_faces=0
2026-06-12T17:34:57.602+02:00,655,loic,0.0000,1.0000,SEARCHING,SCAN,SCAN,27,,,,640,True,visible_faces=0
2026-06-12T17:34:57.656+02:00,656,loic,0.0000,1.0000,SEARCHING,SCAN,SCAN,27,,,,640,True,visible_faces=0
2026-06-12T17:34:57.682+02:00,657,loic,0.0000,1.0000,SEARCHING,SCAN,SCAN,27,,,,640,True,visible_faces=0
2026-06-12T17:34:57.718+02:00,658,loic,0.0000,1.0000,SEARCHING,SCAN,SCAN,27,,,,640,True,visible_faces=0
2026-06-12T17:34:57.746+02:00,659,loic,0.0000,1.0000,SEARCHING,SCAN,SCAN,27,,,,640,True,visible_faces=0
2026-06-12T17:34:57.782+02:00,660,loic,0.0000,1.0000,SEARCHING,SCAN,SCAN,27,,,,640,True,visible_faces=0
2026-06-12T17:34:57.810+02:00,661,loic,0.0000,1.0000,SEARCHING,SCAN,SCAN,27,21,,,640,True,visible_faces=0
2026-06-12T17:34:57.846+02:00,662,loic,0.0000,1.0000,SEARCHING,SCAN,SCAN,27,,,,640,True,visible_faces=0
2026-06-12T17:34:57.874+02:00,663,loic,0.0000,1.0000,SEARCHING,SCAN,SCAN,21,,,,640,True,visible_faces=0
2026-06-12T17:34:57.910+02:00,664,loic,0.0000,1.0000,SEARCHING,SCAN,SCAN,21,,,,640,True,visible_faces=0
2026-06-12T17:34:57.939+02:00,665,loic,0.0000,1.0000,SEARCHING,SCAN,SCAN,21,,,,640,True,visible_faces=0
2026-06-12T17:34:57.992+02:00,666,loic,0.0000,1.0000,SEARCHING,SCAN,SCAN,21,,,,640,True,visible_faces=0
2026-06-12T17:34:58.018+02:00,667,loic,0.0000,1.0000,SEARCHING,SCAN,SCAN,21,,,,640,True,visible_faces=0
2026-06-12T17:34:58.060+02:00,668,loic,0.0000,1.0000,SEARCHING,SCAN,SCAN,21,,,,640,True,visible_faces=0
2026-06-12T17:34:58.084+02:00,669,loic,0.0000,1.0000,SEARCHING,SCAN,SCAN,21,,,,640,True,visible_faces=0
2026-06-12T17:34:58.124+02:00,670,loic,0.0000,1.0000,SEARCHING,SCAN,SCAN,15,,,,640,True,visible_faces=0
2026-06-12T17:34:58.147+02:00,671,loic,0.0000,1.0000,SEARCHING,SCAN,SCAN,15,,,,640,True,visible_faces=0
2026-06-12T17:34:58.192+02:00,672,loic,0.0000,1.0000,SEARCHING,SCAN,SCAN,15,,,,640,True,visible_faces=0
2026-06-12T17:34:58.211+02:00,673,loic,0.0000,1.0000,SEARCHING,SCAN,SCAN,15,,,,640,True,visible_faces=0
2026-06-12T17:34:58.261+02:00,674,loic,0.0000,1.0000,SEARCHING,SCAN,SCAN,15,9,,,640,True,visible_faces=0
2026-06-12T17:34:58.274+02:00,675,loic,0.0000,1.0000,SEARCHING,SCAN,SCAN,15,,,,640,True,visible_faces=0
2026-06-12T17:34:58.323+02:00,676,loic,0.0000,1.0000,SEARCHING,SCAN,SCAN,15,,,,640,True,visible_faces=0
2026-06-12T17:34:58.357+02:00,677,loic,0.0000,1.0000,SEARCHING,SCAN,SCAN,15,,,,640,True,visible_faces=0
2026-06-12T17:34:58.402+02:00,678,loic,0.0000,1.0000,SEARCHING,SCAN,SCAN,53,,,,640,True,visible_faces=0
2026-06-12T17:34:58.421+02:00,679,loic,0.0000,1.0000,SEARCHING,SCAN,SCAN,53,,,,640,True,visible_faces=0
2026-06-12T17:34:58.479+02:00,680,loic,0.0000,1.0000,SEARCHING,SCAN,SCAN,53,,,,640,True,visible_faces=0
2026-06-12T17:34:58.482+02:00,681,loic,0.0000,1.0000,SEARCHING,SCAN,SCAN,53,,,,640,True,visible_faces=0
2026-06-12T17:34:58.544+02:00,682,loic,0.0000,1.0000,SEARCHING,SCAN,SCAN,53,,,,640,True,visible_faces=0
2026-06-12T17:34:58.548+02:00,683,loic,0.0000,1.0000,SEARCHING,SCAN,SCAN,53,,,,640,True,visible_faces=0
2026-06-12T17:34:58.620+02:00,684,loic,0.0000,1.0000,SEARCHING,SCAN,SCAN,53,,,,640,True,visible_faces=0
2026-06-12T17:34:58.624+02:00,685,loic,0.0000,1.0000,SEARCHING,SCAN,SCAN,53,,,,640,True,visible_faces=0
2026-06-12T17:34:58.665+02:00,686,loic,0.0000,1.0000,SEARCHING,SCAN,SCAN,52,,,,640,True,visible_faces=0
2026-06-12T17:34:58.690+02:00,687,loic,0.0000,1.0000,SEARCHING,SCAN,SCAN,52,,,,640,True,visible_faces=0
2026-06-12T17:34:58.746+02:00,688,loic,0.0000,1.0000,SEARCHING,SCAN,SCAN,52,,,,640,True,visible_faces=0
2026-06-12T17:34:58.761+02:00,689,loic,0.0000,1.0000,SEARCHING,SCAN,SCAN,52,,,,640,True,visible_faces=0
2026-06-12T17:34:58.810+02:00,690,loic,0.0000,1.0000,SEARCHING,SCAN,SCAN,52,,,,640,True,visible_faces=0
2026-06-12T17:34:58.819+02:00,691,loic,0.0000,1.0000,SEARCHING,SCAN,SCAN,52,,,,640,True,visible_faces=0
2026-06-12T17:34:58.870+02:00,692,loic,0.0000,1.0000,SEARCHING,SCAN,SCAN,52,,,,640,True,visible_faces=0
2026-06-12T17:34:58.882+02:00,693,loic,0.0000,1.0000,SEARCHING,SCAN,SCAN,52,,,,640,True,visible_faces=0
2026-06-12T17:34:58.939+02:00,694,loic,0.0000,1.0000,SEARCHING,SCAN,SCAN,52,,,,640,True,visible_faces=0
2026-06-12T17:34:58.946+02:00,695,loic,0.0000,1.0000,SEARCHING,SCAN,SCAN,63,,,,640,True,visible_faces=0
2026-06-12T17:34:59.005+02:00,696,loic,0.0000,1.0000,SEARCHING,SCAN,SCAN,63,,,,640,True,visible_faces=0
2026-06-12T17:34:59.010+02:00,697,loic,0.0000,1.0000,SEARCHING,SCAN,SCAN,63,,,,640,True,visible_faces=0
2026-06-12T17:34:59.109+02:00,698,loic,0.0000,1.0000,SEARCHING,SCAN,SCAN,63,,,,640,True,visible_faces=0
2026-06-12T17:34:59.113+02:00,699,loic,0.0000,1.0000,SEARCHING,SCAN,SCAN,63,,,,640,True,visible_faces=0
2026-06-12T17:34:59.148+02:00,700,loic,0.0000,1.0000,SEARCHING,SCAN,SCAN,63,,,,640,True,visible_faces=0
2026-06-12T17:34:59.155+02:00,701,loic,0.0000,1.0000,SEARCHING,SCAN,SCAN,63,,,,640,True,visible_faces=0
2026-06-12T17:34:59.219+02:00,702,loic,0.0000,1.0000,SEARCHING,SCAN,SCAN,63,57,,,640,True,visible_faces=0
2026-06-12T17:34:59.225+02:00,703,loic,0.0000,1.0000,SEARCHING,SCAN,SCAN,93,,,,640,True,visible_faces=0
2026-06-12T17:34:59.270+02:00,704,loic,0.0000,1.0000,SEARCHING,SCAN,SCAN,93,,,,640,True,visible_faces=0
2026-06-12T17:34:59.282+02:00,705,loic,0.0000,1.0000,SEARCHING,SCAN,SCAN,93,,,,640,True,visible_faces=0
2026-06-12T17:34:59.342+02:00,706,loic,0.0000,1.0000,SEARCHING,SCAN,SCAN,93,,,,640,True,visible_faces=0
2026-06-12T17:34:59.346+02:00,707,loic,0.0000,1.0000,SEARCHING,SCAN,SCAN,93,,,,640,True,visible_faces=0
2026-06-12T17:34:59.422+02:00,708,loic,0.0000,1.0000,SEARCHING,SCAN,SCAN,93,,,,640,True,visible_faces=0
2026-06-12T17:34:59.426+02:00,709,loic,0.0000,1.0000,SEARCHING,SCAN,SCAN,93,,,,640,True,visible_faces=0
2026-06-12T17:34:59.485+02:00,710,loic,0.0000,1.0000,SEARCHING,SCAN,SCAN,93,,,,640,True,visible_faces=0
2026-06-12T17:34:59.490+02:00,711,loic,0.0000,1.0000,SEARCHING,SCAN,SCAN,93,,,,640,True,visible_faces=0
2026-06-12T17:34:59.549+02:00,712,loic,0.0000,1.0000,SEARCHING,SCAN,SCAN,66,,,,640,True,visible_faces=0
2026-06-12T17:34:59.554+02:00,713,loic,0.0000,1.0000,SEARCHING,SCAN,SCAN,66,,,,640,True,visible_faces=0
2026-06-12T17:34:59.609+02:00,714,loic,0.0000,1.0000,SEARCHING,SCAN,SCAN,66,,,,640,True,visible_faces=0
2026-06-12T17:34:59.618+02:00,715,loic,0.0000,1.0000,SEARCHING,SCAN,SCAN,66,,,,640,True,visible_faces=0
2026-06-12T17:34:59.681+02:00,716,loic,0.0000,1.0000,SEARCHING,SCAN,SCAN,66,,,,640,True,visible_faces=0
2026-06-12T17:34:59.684+02:00,717,loic,0.0000,1.0000,SEARCHING,SCAN,SCAN,66,,,,640,True,visible_faces=0
2026-06-12T17:34:59.751+02:00,718,loic,0.0000,1.0000,SEARCHING,SCAN,SCAN,66,,,,640,True,visible_faces=0
2026-06-12T17:34:59.762+02:00,719,loic,0.0000,1.0000,SEARCHING,SCAN,SCAN,66,,,,640,True,visible_faces=0
2026-06-12T17:34:59.822+02:00,720,loic,0.0000,1.0000,SEARCHING,SCAN,SCAN,67,,,,640,True,visible_faces=0
2026-06-12T17:34:59.826+02:00,721,loic,0.0000,1.0000,SEARCHING,SCAN,SCAN,67,,,,640,True,visible_faces=0
2026-06-12T17:34:59.884+02:00,722,loic,0.0000,1.0000,SEARCHING,SCAN,SCAN,67,,,,640,True,visible_faces=0
2026-06-12T17:34:59.890+02:00,723,loic,0.0000,1.0000,SEARCHING,SCAN,SCAN,67,,,,640,True,visible_faces=0
2026-06-12T17:34:59.945+02:00,724,loic,0.0000,1.0000,SEARCHING,SCAN,SCAN,67,,,,640,True,visible_faces=0
2026-06-12T17:34:59.954+02:00,725,loic,0.0000,1.0000,SEARCHING,SCAN,SCAN,67,,,,640,True,visible_faces=0
2026-06-12T17:35:00.011+02:00,726,loic,0.0000,1.0000,SEARCHING,SCAN,SCAN,67,,,,640,True,visible_faces=0
2026-06-12T17:35:00.019+02:00,727,loic,0.0000,1.0000,SEARCHING,SCAN,SCAN,67,,,,640,True,visible_faces=0
2026-06-12T17:35:00.069+02:00,728,loic,0.0000,1.0000,SEARCHING,SCAN,SCAN,148,,,,640,True,visible_faces=0
2026-06-12T17:35:00.101+02:00,729,loic,0.0000,1.0000,SEARCHING,SCAN,SCAN,148,,,,640,True,visible_faces=0
2026-06-12T17:35:00.160+02:00,730,loic,0.0000,1.0000,SEARCHING,SCAN,SCAN,148,,,,640,True,visible_faces=0
2026-06-12T17:35:00.164+02:00,731,loic,0.0000,1.0000,SEARCHING,SCAN,SCAN,148,,,,640,True,visible_faces=0
2026-06-12T17:35:00.221+02:00,732,loic,0.0000,1.0000,SEARCHING,SCAN,SCAN,148,,,,640,True,visible_faces=0
2026-06-12T17:35:00.226+02:00,733,loic,0.0000,1.0000,SEARCHING,SCAN,SCAN,148,,,,640,True,visible_faces=0
2026-06-12T17:35:00.281+02:00,734,loic,0.0000,1.0000,SEARCHING,SCAN,SCAN,148,,,,640,True,visible_faces=0
2026-06-12T17:35:00.290+02:00,735,loic,0.0000,1.0000,SEARCHING,SCAN,SCAN,148,,,,640,True,visible_faces=0
2026-06-12T17:35:00.351+02:00,736,loic,0.0000,1.0000,SEARCHING,SCAN,SCAN,93,,,,640,True,visible_faces=0
2026-06-12T17:35:00.356+02:00,737,loic,0.0000,1.0000,SEARCHING,SCAN,SCAN,93,,,,640,True,visible_faces=0
2026-06-12T17:35:00.411+02:00,738,loic,0.0000,1.0000,SEARCHING,SCAN,SCAN,93,,,,640,True,visible_faces=0
2026-06-12T17:35:00.436+02:00,739,loic,0.0000,1.0000,SEARCHING,SCAN,SCAN,93,,,,640,True,visible_faces=0
2026-06-12T17:35:00.479+02:00,740,loic,0.0000,1.0000,SEARCHING,SCAN,SCAN,93,,,,640,True,visible_faces=0
2026-06-12T17:35:00.503+02:00,741,loic,0.0000,1.0000,SEARCHING,SCAN,SCAN,93,,,,640,True,visible_faces=0
2026-06-12T17:35:00.550+02:00,742,loic,0.0000,1.0000,SEARCHING,SCAN,SCAN,93,,,,640,True,visible_faces=0
2026-06-12T17:35:00.562+02:00,743,loic,0.0000,1.0000,SEARCHING,SCAN,SCAN,93,,,,640,True,visible_faces=0
2026-06-12T17:35:00.619+02:00,744,loic,0.0000,1.0000,SEARCHING,SCAN,SCAN,93,,,,640,True,visible_faces=0
2026-06-12T17:35:00.626+02:00,745,loic,0.0000,1.0000,SEARCHING,SCAN,SCAN,92,,,,640,True,visible_faces=0
2026-06-12T17:35:00.676+02:00,746,loic,0.0000,1.0000,SEARCHING,SCAN,SCAN,92,,,,640,True,visible_faces=0
2026-06-12T17:35:00.690+02:00,747,loic,0.0000,1.0000,SEARCHING,SCAN,SCAN,92,,,,640,True,visible_faces=0
2026-06-12T17:35:00.741+02:00,748,loic,0.0000,1.0000,SEARCHING,SCAN,SCAN,92,,,,640,True,visible_faces=0
2026-06-12T17:35:00.770+02:00,749,loic,0.0000,1.0000,SEARCHING,SCAN,SCAN,92,,,,640,True,visible_faces=0
2026-06-12T17:35:00.829+02:00,750,loic,0.0000,1.0000,SEARCHING,SCAN,SCAN,92,,,,640,True,visible_faces=0
2026-06-12T17:35:00.836+02:00,751,loic,0.0000,1.0000,SEARCHING,SCAN,SCAN,92,,,,640,True,visible_faces=0
2026-06-12T17:35:00.896+02:00,752,loic,0.0000,1.0000,SEARCHING,SCAN,SCAN,92,,,,640,True,visible_faces=0
2026-06-12T17:35:00.899+02:00,753,loic,0.0000,1.0000,SEARCHING,SCAN,SCAN,65,,,,640,True,visible_faces=0
2026-06-12T17:35:00.944+02:00,754,loic,0.0000,1.0000,SEARCHING,SCAN,SCAN,65,,,,640,True,visible_faces=0
2026-06-12T17:35:00.962+02:00,755,loic,0.0000,1.0000,SEARCHING,SCAN,SCAN,65,,,,640,True,visible_faces=0
2026-06-12T17:35:01.015+02:00,756,loic,0.0000,1.0000,SEARCHING,SCAN,SCAN,65,,,,640,True,visible_faces=0
2026-06-12T17:35:01.026+02:00,757,loic,0.0000,1.0000,SEARCHING,SCAN,SCAN,65,,,,640,True,visible_faces=0
2026-06-12T17:35:01.079+02:00,758,loic,0.0000,1.0000,SEARCHING,SCAN,SCAN,65,59,,,640,True,visible_faces=0
2026-06-12T17:35:01.091+02:00,759,loic,0.0000,1.0000,SEARCHING,SCAN,SCAN,65,,,,640,True,visible_faces=0
2026-06-12T17:35:01.163+02:00,760,loic,0.0000,1.0000,SEARCHING,SCAN,SCAN,65,,,,640,True,visible_faces=0
2026-06-12T17:35:01.171+02:00,761,loic,0.0000,1.0000,SEARCHING,SCAN,SCAN,65,,,,640,True,visible_faces=0
2026-06-12T17:35:01.212+02:00,762,loic,0.0000,1.0000,SEARCHING,SCAN,SCAN,67,,,,640,True,visible_faces=0
2026-06-12T17:35:01.237+02:00,763,loic,0.0000,1.0000,SEARCHING,SCAN,SCAN,67,,,,640,True,visible_faces=0
2026-06-12T17:35:01.282+02:00,764,loic,0.0000,1.0000,SEARCHING,SCAN,SCAN,67,,,,640,True,visible_faces=0
2026-06-12T17:35:01.299+02:00,765,loic,0.0000,1.0000,SEARCHING,SCAN,SCAN,67,,,,640,True,visible_faces=0
2026-06-12T17:35:01.349+02:00,766,loic,0.0000,1.0000,SEARCHING,SCAN,SCAN,67,,,,640,True,visible_faces=0
2026-06-12T17:35:01.363+02:00,767,loic,0.0000,1.0000,SEARCHING,SCAN,SCAN,67,,,,640,True,visible_faces=0
2026-06-12T17:35:01.416+02:00,768,loic,0.0000,1.0000,SEARCHING,SCAN,SCAN,67,,,,640,True,visible_faces=0
2026-06-12T17:35:01.427+02:00,769,loic,0.0000,1.0000,SEARCHING,SCAN,SCAN,67,,,,640,True,visible_faces=0
2026-06-12T17:35:01.545+02:00,770,loic,0.0000,1.0000,SEARCHING,SCAN,SCAN,93,,,,640,True,visible_faces=0
2026-06-12T17:35:01.552+02:00,771,loic,0.0000,1.0000,SEARCHING,SCAN,SCAN,93,,,,640,True,visible_faces=0
2026-06-12T17:35:01.617+02:00,772,loic,0.0000,1.0000,SEARCHING,SCAN,SCAN,93,,,,640,True,visible_faces=0
2026-06-12T17:35:01.622+02:00,773,loic,0.0000,1.0000,SEARCHING,SCAN,SCAN,93,,,,640,True,visible_faces=0
2026-06-12T17:35:01.652+02:00,774,loic,0.0000,1.0000,SEARCHING,SCAN,SCAN,93,,,,640,True,visible_faces=0
2026-06-12T17:35:01.666+02:00,775,loic,0.0000,1.0000,SEARCHING,SCAN,SCAN,93,,,,640,True,visible_faces=0
2026-06-12T17:35:01.721+02:00,776,loic,0.0000,1.0000,SEARCHING,SCAN,SCAN,93,,,,640,True,visible_faces=0
2026-06-12T17:35:01.730+02:00,777,loic,0.0000,1.0000,SEARCHING,SCAN,SCAN,93,,,,640,True,visible_faces=0
2026-06-12T17:35:01.792+02:00,778,loic,0.0000,1.0000,SEARCHING,SCAN,SCAN,93,,,,640,True,visible_faces=0
2026-06-12T17:35:01.810+02:00,779,loic,0.0000,1.0000,SEARCHING,SCAN,SCAN,93,,,,640,True,visible_faces=0
2026-06-12T17:35:01.869+02:00,780,loic,0.0000,1.0000,SEARCHING,SCAN,SCAN,93,,,,640,True,visible_faces=0
2026-06-12T17:35:01.874+02:00,781,loic,0.0000,1.0000,SEARCHING,SCAN,SCAN,93,,,,640,True,visible_faces=0
2026-06-12T17:35:01.923+02:00,782,loic,0.0000,1.0000,SEARCHING,SCAN,SCAN,93,,,,640,True,visible_faces=0
2026-06-12T17:35:01.939+02:00,783,loic,0.0000,1.0000,SEARCHING,SCAN,SCAN,93,,,,640,True,visible_faces=0
2026-06-12T17:35:02.003+02:00,784,loic,0.0000,1.0000,SEARCHING,SCAN,SCAN,93,,,,640,True,visible_faces=0
2026-06-12T17:35:02.006+02:00,785,loic,0.0000,1.0000,SEARCHING,SCAN,SCAN,93,,,,640,True,visible_faces=0
2026-06-12T17:35:02.080+02:00,786,loic,0.0000,1.0000,SEARCHING,SCAN,SCAN,93,,,,640,True,visible_faces=0
2026-06-12T17:35:02.084+02:00,787,loic,0.0000,1.0000,SEARCHING,SCAN,SCAN,93,,,,640,True,visible_faces=0
2026-06-12T17:35:02.139+02:00,788,loic,0.0000,1.0000,SEARCHING,SCAN,SCAN,93,,,,640,True,visible_faces=0
2026-06-12T17:35:02.143+02:00,789,loic,0.0000,1.0000,SEARCHING,SCAN,SCAN,93,,,,640,True,visible_faces=0
2026-06-12T17:35:02.284+02:00,790,loic,0.5115,0.4885,TRACKING,STOPPED,STOP,93,,80.5,195.5,640,True,visible_faces=1
2026-06-12T17:35:02.779+02:00,798,loic,0.5822,0.4178,TRACKING,MOVED_RIGHT,RIGHT,123,115,116.0,211.5,640,True,visible_faces=1
2026-06-12T17:35:02.785+02:00,799,loic,0.5822,0.4178,TRACKING,STOPPED,STOP,123,,116.0,211.5,640,True,visible_faces=1
2026-06-12T17:35:03.077+02:00,802,loic,0.6631,0.3369,TRACKING,MOVED_RIGHT,RIGHT,165,159,162.0,216.5,640,True,visible_faces=1
2026-06-12T17:35:03.081+02:00,803,loic,0.6631,0.3369,TRACKING,STOPPED,STOP,165,,162.0,216.5,640,True,visible_faces=1
2026-06-12T17:35:06.375+02:00,844,loic,0.6752,0.3248,TRACKING,MOVED_RIGHT,RIGHT,118,113,190.5,223.5,640,True,visible_faces=1
2026-06-12T17:35:06.380+02:00,845,loic,0.6752,0.3248,TRACKING,STOPPED,STOP,118,,190.5,223.5,640,True,visible_faces=1
